"","VALE.Open","VALE.High","VALE.Low","VALE.Close","VALE.Volume","VALE.Adjusted"
"1",12.55,12.8,12.51,12.77,19189400,10.960676
"2",12.8,12.87,12.68,12.85,20449600,11.029342
"3",13.03,13.09,12.82,12.83,22033100,11.012177
"4",12.8,13.09,12.73,13.09,20042800,11.235338
"5",13.26,13.32,13.18,13.32,17507000,11.43275
"6",13.4,13.42,13.18,13.24,31204900,11.364085
"7",13.1,13.21,13.05,13.15,16253500,11.286837
"8",13.21,13.46,13.2,13.45,15011400,11.544331
"9",13.51,13.57,13.42,13.53,19012500,11.612997
"10",13.28,13.31,13.08,13.17,40821800,11.304004
"11",13.22,13.36,13.2,13.35,29387800,11.4585
"12",13.42,13.49,13.24,13.35,26257100,11.4585
"13",13.4,13.43,13.23,13.36,26213200,11.467083
"14",13.28,13.32,13.15,13.32,19763900,11.43275
"15",12.79,12.83,12.58,12.7,49237000,10.900595
"16",12.99,13.31,12.84,13.18,36168800,11.312586
"17",13.27,13.28,12.91,12.95,26615500,11.115174
"18",13.03,13.19,12.89,13.11,28822100,11.252503
"19",13.21,13.24,12.97,13.05,15009000,11.201005
"20",13.06,13.11,12.89,12.99,21874000,11.149505
"21",13.41,13.42,12.93,13.09,26612200,11.235338
"22",13.09,13.35,13.08,13.18,25301600,11.312586
"23",12.87,12.93,12.53,12.54,32446800,10.763265
"24",12.64,12.96,12.15,12.39,35992500,10.634518
"25",12.33,13.1,12.28,13.06,37584900,11.209588
"26",13,13.14,12.68,12.71,43237900,10.909179
"27",12.75,12.87,12.34,12.36,42211000,10.608768
"28",12.74,12.93,12.36,12.91,47709800,11.080841
"29",12.99,13.17,12.93,13.07,24525500,11.218172
"30",13.01,13.32,12.98,13.27,20546800,11.389834
"31",13.1,14,13.08,14,43366600,12.016404
"32",14.03,14.18,13.92,14.13,28524700,12.127985
"33",14.04,14.37,13.95,14.12,25933300,12.119402
"34",14.06,14.29,13.83,13.98,24613300,11.999237
"35",14.04,14.1,13.64,13.66,31768700,11.724577
"36",13.92,14,13.8,13.98,17293100,11.999237
"37",14.2,14.22,14.02,14.2,27465400,12.188066
"38",14.5,14.67,14.36,14.65,26454300,12.574308
"39",14.57,14.62,14.31,14.49,27432500,12.436978
"40",14.38,14.42,13.71,13.73,35671100,11.784659
"41",13.85,13.96,13.41,13.58,30551400,11.655911
"42",13.32,13.42,13.05,13.39,25153100,11.492833
"43",13.18,13.45,13.09,13.42,18988200,11.518581
"44",13.83,13.85,13.47,13.53,19124500,11.612997
"45",13.14,13.25,12.96,13.14,22644500,11.405544
"46",12.93,12.93,12.6,12.68,23915400,11.006264
"47",12.71,12.96,12.71,12.89,19224600,11.188543
"48",12.94,13.03,12.81,13,14537600,11.284024
"49",13.04,13.14,12.84,12.9,25006700,11.197223
"50",13.18,13.27,12.98,13.04,14643000,11.318745
"51",12.95,12.96,12.77,12.85,14517300,11.153823
"52",12.79,12.92,12.78,12.8,16524900,11.110424
"53",12.47,12.53,12.33,12.47,24253200,10.823983
"54",12.47,12.68,12.35,12.55,14800800,10.893423
"55",12.55,13,12.55,12.99,31293300,11.275342
"56",12.63,12.79,12.56,12.58,29232900,10.919463
"57",12.51,12.76,12.41,12.51,22766200,10.858704
"58",12.76,12.78,12.55,12.69,15387300,11.014942
"59",12.7,12.7,12.17,12.23,19889200,10.615662
"60",12.1,12.49,11.93,12.45,37067400,10.806622
"61",12.59,12.89,12.59,12.72,23227100,11.040983
"62",12.83,13.07,12.78,12.91,26529100,11.205903
"63",13.07,13.11,12.72,12.78,15174900,11.093063
"64",12.44,12.72,12.35,12.65,17570300,10.980223
"65",12.99,13.12,12.82,12.95,18417600,11.240623
"66",12.69,12.84,12.47,12.66,14968600,10.988903
"67",12.61,12.7,12.41,12.5,17475600,10.850022
"68",12.85,13.12,12.76,13.1,23925000,11.370824
"69",13.1,13.2,12.97,13.14,20759600,11.405544
"70",13.15,13.23,13.02,13.08,10912000,11.353463
"71",13.19,13.23,12.99,13.12,11154500,11.388184
"72",13.11,13.12,12.88,12.98,11267800,11.266663
"73",13.12,13.48,13.09,13.44,21523300,11.665944
"74",13.83,14.18,13.82,14.01,31348200,12.160706
"75",14.02,14.16,13.92,14.12,19540800,12.256186
"76",13.95,14.05,13.85,14,15848500,12.152025
"77",13.74,13.95,13.65,13.74,15413700,11.926345
"78",13.83,14.02,13.78,13.95,30104000,12.108625
"79",13.65,13.87,13.52,13.68,26222700,11.874266
"80",13.72,14.07,13.59,14,21626400,12.152025
"81",14.1,14.11,13.77,13.95,20651200,12.108625
"82",13.89,14.03,13.83,13.84,13101700,12.013144
"83",13.91,13.91,13.4,13.54,15790200,11.752744
"84",13.79,13.92,13.67,13.73,17546000,11.917665
"85",13.79,13.98,13.62,13.89,19727300,12.056545
"86",13.9,14.17,13.87,14.08,19284700,12.221465
"87",13.96,14.03,13.83,13.85,14285900,12.021826
"88",13.72,13.92,13.68,13.74,24389200,11.926345
"89",13.78,13.99,13.7,13.93,17699700,12.091266
"90",14.17,14.48,14.16,14.44,20393900,12.533945
"91",14.59,14.95,14.48,14.61,22860800,12.681506
"92",14.83,15,14.74,14.97,24825200,12.993987
"93",14.58,14.93,14.47,14.91,23023500,12.941907
"94",15.11,15.24,15.05,15.13,23501500,13.132867
"95",14.96,15.09,14.88,15.03,24579200,13.046067
"96",14.71,14.87,14.3,14.58,24136200,12.655466
"97",14.81,14.85,14.38,14.41,20891700,12.507906
"98",14.29,14.53,14.26,14.39,25521700,12.490547
"99",14.16,14.42,14.07,14.34,22170200,12.447146
"100",14.53,14.57,14.17,14.41,22502400,12.507906
"101",14.21,14.22,13.95,14.03,19190100,12.178064
"102",13.73,14,13.4,13.44,31951400,11.665944
"103",13.43,13.78,13.36,13.54,25823000,11.752744
"104",13.69,13.8,13.57,13.6,16175800,11.804825
"105",13.79,14.11,13.53,14.03,29578900,12.178064
"106",14.17,14.22,13.83,14.06,24701400,12.204106
"107",14.13,14.34,14.06,14.16,24926300,12.290904
"108",14.37,14.73,14.3,14.62,25289300,12.690186
"109",14.48,14.48,13.43,13.84,43383000,12.013144
"110",14.03,14.1,13.62,13.75,28900400,11.935025
"111",13.87,14.08,13.65,13.69,18471100,11.882944
"112",13.82,14.15,13.8,13.96,20107500,12.117305
"113",13.98,14.03,13.68,13.91,17384300,12.073904
"114",13.9,13.94,13.62,13.66,28759100,11.856904
"115",13.51,13.51,13.06,13.17,24647600,11.431584
"116",12.91,13.24,12.87,13.17,18941500,11.431584
"117",12.6,13.1,12.53,12.97,27100300,11.257984
"118",13.17,13.19,12.87,12.99,20477900,11.275342
"119",12.92,12.96,12.56,12.58,22502100,10.919463
"120",12.86,12.9,12.66,12.81,26227600,11.119102
"121",12.64,12.72,12.28,12.54,27013900,10.884743
"122",12.68,12.82,12.38,12.77,25369600,11.084382
"123",12.72,12.91,12.44,12.46,20472300,10.815302
"124",12.42,12.89,12.41,12.78,20094500,11.093063
"125",12.92,13.02,12.73,12.82,13056200,11.127784
"126",12.53,12.64,12.47,12.49,13949000,10.841342
"127",12.69,12.73,12.49,12.55,9950500,10.893423
"128",12.42,12.75,12.42,12.68,13585100,11.006264
"129",12.6,13.09,12.56,13.03,16293500,11.310063
"130",13.2,13.23,12.91,13.17,12214400,11.431584
"131",13.17,13.23,12.95,13.09,13503100,11.362144
"132",12.76,12.85,12.56,12.65,17221100,10.980223
"133",12.82,13.12,12.71,13.02,20858000,11.301384
"134",13.17,13.2,12.88,13.14,15341400,11.405544
"135",13.12,13.15,12.87,12.99,10407700,11.275342
"136",13.04,13.3,13,13.25,15672100,11.501024
"137",13.4,13.49,13.22,13.41,14539400,11.639904
"138",13.1,13.13,12.75,12.88,22365200,11.179863
"139",13.03,13.16,12.92,12.93,17615200,11.223264
"140",12.96,13.28,12.82,13.17,20975800,11.431584
"141",13.9,13.95,13.72,13.77,27399800,11.952385
"142",13.77,14,13.7,14,23886600,12.152025
"143",14.25,14.3,14.09,14.11,32548100,12.247504
"144",14.36,14.5,14.31,14.44,21934000,12.533945
"145",14.57,14.59,14.4,14.56,20101100,12.638106
"146",14.61,14.68,14.41,14.66,22202500,12.724907
"147",14.31,14.38,14.04,14.06,26481700,12.204106
"148",13.7,14.08,13.58,14.04,22170000,12.186746
"149",13.72,14.27,13.72,14.19,18025700,12.676287
"150",14.09,14.22,14.04,14.07,13595100,12.569088
"151",14.36,14.44,13.98,13.99,22983700,12.497622
"152",14.14,14.21,13.87,13.95,15753500,12.461889
"153",13.96,13.98,13.59,13.63,14824500,12.176024
"154",13.3,13.48,13.15,13.39,29513800,11.961627
"155",13.34,13.55,13.19,13.37,17537200,11.94376
"156",13.45,13.67,13.32,13.64,23441900,12.184958
"157",13.26,13.29,12.9,12.94,27791100,11.559629
"158",13.13,13.16,12.72,12.75,28370200,11.389898
"159",12.57,13.06,12.57,13,20983400,11.613231
"160",13.06,13.13,12.96,13.03,16115500,11.64003
"161",12.88,13.07,12.79,12.84,17378300,11.470298
"162",12.84,13.15,12.83,13.12,12359000,11.720429
"163",13.05,13.08,12.85,12.93,12802800,11.550698
"164",13.29,13.3,13.11,13.22,11953400,11.809762
"165",13.33,13.65,13.32,13.59,13883300,12.140293
"166",13.67,13.74,13.34,13.44,18481800,12.006292
"167",13.5,13.59,13.4,13.44,13354200,12.006292
"168",13.36,13.41,13.04,13.17,28786500,11.765095
"169",13.2,13.29,12.99,13.2,13374900,11.791895
"170",12.82,12.82,12.52,12.55,13966900,11.211234
"171",12.55,12.75,12.43,12.62,19611600,11.273767
"172",12.77,13.05,12.74,12.99,20815800,11.604297
"173",12.98,13.15,12.83,13.01,15269500,11.622164
"174",13.15,13.19,12.92,12.97,9036100,11.58643
"175",12.68,12.76,12.53,12.69,13374900,11.3363
"176",12.84,13.04,12.64,12.92,18249700,11.541764
"177",13.05,13.1,12.79,12.84,14413300,11.470298
"178",13.15,13.3,13.08,13.25,16418300,11.836561
"179",13.26,13.44,13.25,13.36,12857400,11.934827
"180",13.56,13.96,13.55,13.81,19838100,12.336824
"181",14.07,14.4,14.05,14.22,21790900,12.703087
"182",14.49,14.56,14.29,14.52,18801600,12.971086
"183",14.65,15.1,14.63,15.06,27725600,13.453481
"184",14.97,15.19,14.75,14.79,17073500,13.212282
"185",14.68,15.26,14.68,15.25,23175100,13.623212
"186",15.26,15.29,14.82,14.99,30406400,13.390946
"187",15,15.02,14.7,14.84,16933400,13.256949
"188",14.77,15.13,14.76,14.84,17512700,13.256949
"189",14.81,15.13,14.7,15.03,13293900,13.426681
"190",15.35,15.8,15.29,15.62,34345800,13.953743
"191",15.78,16.129999,15.29,15.45,40515600,13.801877
"192",15.5,15.52,14.98,15.1,21482400,13.489214
"193",14.87,15.08,14.81,15.01,23207600,13.408814
"194",15.04,15.36,14.91,15.21,28973100,13.58748
"195",15.34,15.64,15.14,15.54,21207800,13.882277
"196",15.47,15.53,14.85,14.85,23336400,13.265882
"197",15,15.29,14.84,14.95,20463600,13.355214
"198",15.3,15.49,15.05,15.26,17613800,13.632146
"199",15.4,15.69,15.16,15.46,20372000,13.81081
"200",15.88,15.9,15.34,15.48,22208200,13.828676
"201",15.76,16.02,15.5,15.93,27537200,14.230674
"202",15.85,15.85,15.08,15.15,28358600,13.533879
"203",15.33,15.55,15.13,15.26,18725900,13.632146
"204",15.59,15.79,15.45,15.77,22923100,14.087742
"205",15.36,15.4,14.98,15.23,29588600,13.605345
"206",15.55,15.57,14.45,14.5,29566000,12.953218
"207",14.94,14.97,14.38,14.72,29501000,13.149751
"208",14.5,15.21,14.48,15.07,39050000,13.462414
"209",15.35,15.41,14.1,14.27,39303700,12.747754
"210",14.33,14.69,14.23,14.59,28975400,13.033618
"211",14.76,15.18,14.73,15.1,26204500,13.489214
"212",15.26,15.73,14.93,15.52,20387800,13.864411
"213",15.63,15.92,15.21,15.45,19612200,13.801877
"214",15.51,15.63,15.29,15.4,13491500,13.757212
"215",15.34,15.44,15.12,15.29,12682800,13.658945
"216",15.35,15.42,15.15,15.32,11247900,13.685745
"217",15.45,15.63,15.08,15.17,13839200,13.551746
"218",15.03,15.04,14.38,14.6,35420800,13.042552
"219",14.68,14.7,14.41,14.46,18640000,12.917485
"220",14.35,14.74,14.21,14.6,23855200,13.042552
"221",14.57,14.74,14.23,14.53,23243900,12.980018
"222",14.52,14.99,14.51,14.93,14805300,13.337349
"223",14.82,15.04,14.69,14.97,16468700,13.373081
"224",14.8,14.82,14.51,14.72,14460000,13.149751
"225",14.42,14.42,13.79,14.07,19791100,12.569088
"226",14.21,14.37,14.13,14.35,25058900,12.81922
"227",13.66,13.67,13.13,13.26,30503900,11.845495
"228",12.75,13.15,12.65,12.75,31244500,11.389898
"229",12.67,12.94,12.55,12.89,26799000,11.514965
"230",13.17,13.57,12.93,13.52,24391600,12.07776
"231",13.54,13.59,13.23,13.47,28832100,12.033093
"232",13.49,13.87,13.39,13.7,23454000,12.238558
"233",14.22,14.28,13.94,14.08,21391800,12.578021
"234",14.03,14.18,13.55,13.6,26542200,12.149226
"235",13.04,13.56,12.95,13.53,35775200,12.086692
"236",13.56,13.73,13.06,13.14,24976200,11.738297
"237",12.93,13.04,12.71,12.86,22182100,11.488164
"238",13.18,13.22,12.78,13.01,27275400,11.622164
"239",13.23,13.29,12.99,13.02,18085400,11.631098
"240",13.13,13.16,12.91,13.04,17212000,11.648963
"241",12.77,13.12,12.75,12.96,23547100,11.577497
"242",13.12,13.41,12.95,13.03,22045600,11.64003
"243",13.19,13.36,13.08,13.19,20005800,11.782962
"244",13.37,13.5,12.62,12.73,32017500,11.372031
"245",13.13,13.25,12.77,12.94,29154500,11.559629
"246",13.09,13.23,12.83,12.9,21755100,11.523897
"247",12.82,13.03,12.59,12.6,11224100,11.2559
"248",12.68,13.07,12.55,13.07,16587500,11.675762
"249",12.7,12.99,12.65,12.99,18651400,11.604297
"250",13.05,13.16,12.92,13.02,13777600,11.631098
"251",13.17,13.26,13.05,13.19,9599600,11.782962
"252",12.94,13.48,12.92,13.47,22120700,12.033093
"253",13.36,13.38,12.82,12.83,27666700,11.461364
"254",13.35,14.09,13.34,14.02,42880100,12.524423
"255",14.23,14.28,13.8,13.83,26186100,12.354691
"256",13.94,14.15,13.85,14.06,20270400,12.560156
"257",14.51,14.66,14.43,14.51,30852000,12.962152
"258",14.25,14.4,14.13,14.4,18677100,12.863886
"259",14.22,14.25,14.06,14.11,17448300,12.604821
"260",13.91,14.22,13.9,14.13,14188100,12.622688
"261",14.26,14.26,13.91,14.06,19092900,12.560156
"262",14.09,14.16,14.04,14.11,16980600,12.604821
"263",14.03,14.63,14.02,14.47,29542100,12.926418
"264",14.7,14.71,14.46,14.61,24177000,13.051484
"265",14.5,14.55,14.32,14.45,28366800,12.908551
"266",14.61,14.79,14.54,14.75,19896800,13.17655
"267",14.71,14.96,14.7,14.86,24996900,13.274816
"268",15.18,15.45,12.85,13.66,157468400,12.202825
"269",11.69,11.81,11.08,11.2,150204000,10.005244
"270",11.75,11.77,11.43,11.48,84280700,10.255375
"271",12.46,12.7,12.34,12.59,96986200,11.246967
"272",12.64,12.72,12.33,12.44,44701900,11.112967
"273",12.47,12.65,12.41,12.57,27898100,11.2291
"274",12.13,12.21,11.79,12.15,59850100,10.853903
"275",12.12,12.18,11.94,12.11,29661500,10.818171
"276",11.85,11.97,11.19,11.36,67720800,10.148176
"277",11.27,11.39,11.03,11.17,54779700,9.978445
"278",10.98,11.63,10.89,11.39,66887500,10.174976
"279",11.46,11.47,11.08,11.22,39647300,10.023111
"280",11.31,11.91,11.27,11.85,49077800,10.585906
"281",12.15,12.27,11.97,12,32913500,10.719905
"282",11.97,12.23,11.94,12.14,26821700,10.84497
"283",12.29,12.37,12.16,12.33,29025100,11.014702
"284",12.16,12.32,12.14,12.19,27907500,10.889636
"285",12.08,12.38,12.07,12.23,23507300,10.925369
"286",12.04,12.13,11.96,12.03,35357900,10.746704
"287",12.17,12.51,12.17,12.5,20253300,11.166567
"288",12.57,12.6,12.37,12.55,23818300,11.211234
"289",12.45,12.57,12.38,12.52,13670700,11.184434
"290",12.5,12.58,12.38,12.49,24632300,11.157634
"291",12.41,12.52,12.27,12.48,23508400,11.148701
"292",12.04,12.41,12.03,12.39,37611000,11.068302
"293",12.03,12.48,11.92,12.42,32129700,11.095101
"294",12.35,12.91,12.35,12.66,25783800,11.309499
"295",12.79,12.79,12.34,12.49,35608700,11.157634
"296",12.6,12.63,12.44,12.6,30780900,11.2559
"297",12.4,12.61,12.26,12.59,21803600,11.246967
"298",12.76,12.99,12.74,12.99,24991800,11.604297
"299",12.98,13.21,12.97,13.05,32748700,11.657896
"300",13.03,13.38,13.01,13.28,27274300,11.863361
"301",13.11,13.2,13.05,13.15,19052800,11.747229
"302",13.19,13.4,13.16,13.2,34941700,11.791895
"303",13.12,13.32,13.01,13.28,35198100,11.863361
"304",13.42,13.98,13.37,13.7,42430900,12.238558
"305",13.56,13.65,13.36,13.49,29029200,12.05096
"306",13.55,13.62,13.23,13.46,27701400,12.024159
"307",13.2,13.26,12.76,12.82,35756100,11.452432
"308",12.82,13.02,12.65,12.86,27058600,11.488164
"309",13.01,13.16,12.93,13.02,16290700,11.631098
"310",12.82,12.97,12.48,12.67,25543500,11.318433
"311",12.7,12.78,12.32,12.63,19876000,11.2827
"312",12.89,13.27,12.89,13.06,23143400,11.666829
"313",13.59,13.7,13.54,13.58,24432900,12.131359
"314",13.74,13.78,13.37,13.47,16440100,12.033093
"315",13.7,13.72,13.32,13.34,24721400,11.916961
"316",13.34,13.61,13.29,13.47,20157700,12.033093
"317",13.46,13.5,13.34,13.39,12149700,11.961627
"318",13.57,13.85,13.55,13.82,16859600,12.345757
"319",13.74,13.75,13.54,13.57,15594100,12.122425
"320",13.6,13.74,13.41,13.56,31453000,12.113492
"321",13.41,13.43,13.19,13.4,20926500,11.97056
"322",13.48,13.6,13.17,13.24,15113000,11.827628
"323",13.3,13.33,13.06,13.28,15595700,11.863361
"324",13.1,13.62,13.1,13.57,24468100,12.122425
"325",13.68,13.77,13.13,13.27,22478200,11.854428
"326",13.34,13.46,13.18,13.32,10311500,11.899094
"327",13.18,13.21,12.93,13.06,14459600,11.666829
"328",13.05,13.18,12.93,13.17,18815300,11.765095
"329",13.02,13.02,12.54,12.56,26146400,11.220167
"330",12.53,12.7,12.35,12.68,14451200,11.327367
"331",12.6,12.82,12.58,12.82,12317000,11.452432
"332",12.85,12.88,12.69,12.78,11890100,11.416698
"333",12.76,12.86,12.6,12.78,14233100,11.416698
"334",12.83,12.84,12.35,12.38,17633000,11.059368
"335",12.38,12.4,12.26,12.36,15322300,11.041502
"336",12.58,12.85,12.56,12.79,17316500,11.425632
"337",12.35,12.57,12.35,12.52,16791200,11.184434
"338",12.3,12.5,12.17,12.49,18788900,11.157634
"339",12.68,12.71,12.39,12.43,19688000,11.104034
"340",12.23,12.32,12.03,12.25,22556300,10.943235
"341",12.32,12.6,12.1,12.47,24177600,11.139769
"342",12.15,12.21,11.92,11.98,25256100,10.702038
"343",12.07,12.08,11.91,12.04,20354200,10.755637
"344",11.78,12.12,11.75,12,13452800,10.719905
"345",12.12,12.18,11.38,11.51,50807400,10.282175
"346",11.38,11.64,11.36,11.59,32287800,10.353642
"347",11.54,11.57,11.39,11.41,20770500,10.192842
"348",11.29,11.84,11.23,11.71,26257600,10.46084
"349",12.1,12.13,11.72,11.75,18091000,10.496573
"350",11.59,11.87,11.43,11.79,14156700,10.532307
"351",12.12,12.2,12.02,12.02,28916700,10.737771
"352",12.43,12.63,12.36,12.4,28428000,11.077234
"353",12.32,12.48,12.25,12.46,20874900,11.130835
"354",12.46,12.6,12.42,12.53,14263900,11.193367
"355",12.37,12.96,12.34,12.47,28326100,11.139769
"356",12.55,12.61,12.37,12.48,19101800,11.148701
"357",12.62,12.66,12.44,12.64,21207000,11.291633
"358",12.63,12.66,12.28,12.41,14184800,11.086168
"359",12.51,12.59,12.4,12.53,13842100,11.193367
"360",12.48,12.66,12.44,12.53,16036300,11.193367
"361",12.58,12.63,12.4,12.42,21973200,11.095101
"362",12.91,13.31,12.87,13.26,44946800,11.845495
"363",13.36,13.44,13.15,13.23,22120500,11.818694
"364",13.49,13.57,13.34,13.43,19151600,11.99736
"365",13.31,13.33,13.05,13.12,17962200,11.720429
"366",13.12,13.14,12.83,12.87,13722900,11.497097
"367",13.24,13.54,13.17,13.46,21125500,12.024159
"368",13.54,13.6,13.33,13.54,27063500,12.095626
"369",13.82,14,13.65,13.71,14594600,12.247492
"370",13.62,13.76,13.53,13.53,19521300,12.086692
"371",13.59,13.69,13.54,13.64,10638600,12.184958
"372",13.58,13.65,13.28,13.33,15995700,11.908028
"373",13.45,13.51,13.3,13.44,11992000,12.006292
"374",13.43,13.52,13.28,13.43,12291500,11.99736
"375",13.57,13.58,13.41,13.44,13853000,12.006292
"376",13.96,14.02,13.87,13.93,25215500,12.444023
"377",13.81,13.88,13.02,13.29,38848700,11.872294
"378",13.3,13.48,13.23,13.37,16019700,11.94376
"379",13.09,13.13,12.92,13.12,28408000,11.720429
"380",13.27,13.52,13.21,13.3,18994600,11.881227
"381",13.03,13.47,13.03,13.36,14378700,11.934827
"382",13.64,13.93,13.61,13.81,30888800,12.336824
"383",13.85,13.97,13.71,13.84,19754800,12.363624
"384",13.99,14,13.78,13.8,15585100,12.327891
"385",13.99,14.09,13.92,14,15898500,12.506556
"386",14.04,14.18,14.01,14.03,14536800,12.533355
"387",14.03,14.03,13.89,13.95,13012100,12.461889
"388",13.95,14.08,13.88,14.01,15911500,12.51549
"389",14.15,14.19,13.98,14.04,11851100,12.542289
"390",14.01,14.05,13.8,13.92,12646500,12.43509
"391",13.88,13.89,13.66,13.69,14990700,12.229625
"392",13.5,13.52,13.37,13.42,18275500,11.988427
"393",13.32,13.4,13.16,13.26,14773400,11.845495
"394",13.47,13.47,13.25,13.27,12055500,11.854428
"395",13.19,13.25,13.08,13.24,17826100,11.827628
"396",13.28,13.29,13.14,13.16,20709700,11.756162
"397",13.25,13.31,12.85,12.99,27454600,11.604297
"398",12.73,12.84,12.49,12.52,29837000,11.184434
"399",12.34,12.42,12.19,12.28,19317000,10.970036
"400",11.72,11.74,11.5,11.56,27417500,10.326842
"401",11.81,11.84,11.59,11.75,21088000,10.496573
"402",11.48,11.65,11.39,11.64,21091300,10.398308
"403",11.92,12.01,11.87,11.97,20536400,10.693106
"404",11.81,11.86,11.51,11.55,19123500,10.317908
"405",11.25,11.44,11.19,11.3,13687700,10.094578
"406",11.31,11.8,11.27,11.7,27767200,10.451907
"407",11.35,11.35,11.05,11.06,24040000,9.880179
"408",11.07,11.1,10.68,10.97,20501500,9.799781
"409",11.05,11.11,10.84,10.88,16612100,9.71938
"410",11.03,11.05,10.59,10.68,21986500,9.540715
"411",10.61,10.98,10.6,10.79,18706600,9.638981
"412",10.69,10.99,10.67,10.86,19556800,9.701514
"413",10.87,10.94,10.69,10.77,16527400,9.621115
"414",10.75,10.91,10.39,10.46,24437000,9.344184
"415",10.48,10.5,10.2,10.28,15253000,9.183385
"416",10.3,10.55,10.28,10.33,21225400,9.22805
"417",10.39,10.59,10.3,10.43,12539100,9.317384
"418",10.57,10.83,10.53,10.72,20135700,9.576448
"419",11.04,11.15,10.91,11,29954000,9.826579
"420",10.93,11.04,10.83,10.91,16612800,9.74618
"421",11.17,11.26,11.12,11.24,17011500,10.040977
"422",11.46,11.52,11.3,11.33,16574600,10.121377
"423",11.3,11.44,11.3,11.34,16838300,10.130309
"424",11.34,11.61,11.33,11.61,18956800,10.371508
"425",11.51,11.8,11.44,11.73,20728700,10.478706
"426",11.78,11.94,11.64,11.81,20107500,10.550173
"427",12.06,12.21,11.95,12.17,30558400,10.87177
"428",12.36,12.38,12.12,12.15,24857400,10.853903
"429",11.9,11.98,11.79,11.87,18225800,10.603773
"430",11.71,11.97,11.68,11.93,13757100,10.657372
"431",11.86,11.94,11.63,11.77,15287400,10.514441
"432",11.61,11.71,11.55,11.58,13662100,10.344707
"433",11.6,11.69,11.47,11.58,14515800,10.344707
"434",11.51,11.62,11.45,11.47,16533300,10.246443
"435",11.39,11.4,11.17,11.21,15789100,10.014178
"436",11.19,11.49,11.13,11.47,16306100,10.246443
"437",11.57,11.57,11.38,11.44,14592600,10.219643
"438",11.54,11.59,11.34,11.43,13501100,10.21071
"439",11.32,11.53,11.29,11.5,12819500,10.273242
"440",11.43,11.66,11.41,11.45,18367200,10.228576
"441",11.16,11.22,10.85,10.87,35259100,9.710447
"442",10.9,11.17,10.73,11.06,26433700,9.880179
"443",11.25,11.47,11.24,11.45,21606900,10.228576
"444",11.44,11.52,11.21,11.24,12404600,10.040977
"445",11.18,11.22,11.04,11.05,19897800,9.871245
"446",11.19,11.2,10.99,11.11,12151800,9.924845
"447",11.18,11.52,11.18,11.42,22547700,10.201777
"448",11.69,11.9,11.67,11.81,23397600,10.550173
"449",11.59,11.62,11.49,11.58,12863900,10.344707
"450",11.53,11.59,11.41,11.44,18703300,10.219643
"451",11.2,11.28,11.14,11.21,22808100,10.014178
"452",11.3,11.34,11.15,11.17,14801700,9.978445
"453",11.24,11.35,11.14,11.15,13181400,9.960577
"454",11.25,11.38,11.22,11.38,9959600,10.166043
"455",11.47,11.63,11.46,11.57,17331100,10.335774
"456",11.6,11.69,11.53,11.65,13323000,10.40724
"457",11.77,11.78,11.49,11.51,19610100,10.282175
"458",11.85,12.07,11.84,12.04,28137900,10.755637
"459",12.19,12.23,12.08,12.23,21694600,10.925369
"460",12.02,12.2,12.02,12.14,16324600,10.84497
"461",11.96,12.13,11.8,12.13,16135900,10.836038
"462",11.94,11.95,11.6,11.74,16008300,10.487639
"463",12,12.21,11.99,12.14,24896100,10.84497
"464",12.4,12.42,12.29,12.33,14029400,11.014702
"465",12.48,12.48,12.32,12.38,17273400,11.059368
"466",12.01,12.28,12.01,12.17,18869800,10.87177
"467",12.2,12.32,12.06,12.21,22387300,10.907503
"468",11.76,11.92,11.71,11.77,18263900,10.514441
"469",11.54,11.62,11.5,11.61,60845500,10.371508
"470",11.52,11.58,11.41,11.5,20027000,10.273242
"471",11.35,11.39,11.18,11.22,13866800,10.023111
"472",11.25,11.35,11.18,11.2,12915200,10.005244
"473",11.35,11.51,11.3,11.46,12458500,10.237509
"474",11.38,11.44,11.28,11.3,13348100,10.094578
"475",11.44,11.48,11.31,11.46,15658300,10.237509
"476",11.31,11.46,11.13,11.26,12417400,10.058845
"477",11.36,11.51,11.27,11.47,15263700,10.246443
"478",11.8,11.93,11.74,11.89,30538500,10.62164
"479",12.02,12.14,11.98,12.03,18666900,10.746704
"480",11.97,12.08,11.83,12.03,26175800,10.746704
"481",11.92,11.93,11.72,11.87,15572600,10.603773
"482",11.78,11.86,11.74,11.76,7450500,10.505507
"483",11.98,12.21,11.91,12.14,17935000,10.84497
"484",12.02,12.05,11.91,12,20077900,10.719905
"485",12.06,12.14,12.01,12.1,10652200,10.809237
"486",12.04,12.18,11.99,12.12,13333300,10.827104
"487",12.28,12.43,12.23,12.39,22335000,11.068302
"488",12.49,12.61,12.35,12.38,42420200,11.059368
"489",12.34,12.39,12.25,12.3,11778000,10.987903
"490",12.44,12.61,12.41,12.58,13591600,11.238034
"491",12.57,12.94,12.55,12.91,21931800,11.532831
"492",12.94,13.21,12.89,13.06,32018200,11.666829
"493",13.33,13.33,13.16,13.16,20446100,11.756162
"494",13.11,13.18,13.04,13.09,17965500,11.693629
"495",13.07,13.14,12.91,13.08,17987200,11.684696
"496",13.13,13.35,13.1,13.22,13284100,11.809762
"497",13.35,13.41,13.24,13.27,27190300,11.854428
"498",13.39,13.42,13.28,13.3,23768800,11.881227
"499",13.33,13.57,13.31,13.47,5251400,12.033093
"500",13.41,13.53,13.41,13.49,14680300,12.05096
"501",13.16,13.3,13.16,13.22,18324000,12.121562
"502",13.26,13.34,13.19,13.19,11795700,12.094054
"503",13.19,13.26,13.11,13.2,8207600,12.103223
"504",13.31,13.47,13.29,13.45,19410400,12.332451
"505",13.23,13.45,13.23,13.29,17770000,12.185745
"506",13.08,13.2,13.05,13.14,19213300,12.048209
"507",13.05,13.31,13.04,13.23,18859600,12.13073
"508",13.18,13.37,13.12,13.22,24916400,12.121562
"509",13.12,13.14,12.96,12.99,17937000,11.910671
"510",13.07,13.14,12.93,12.97,14055100,11.892334
"511",12.96,13.4,12.95,13.32,26080400,12.213252
"512",13.47,13.55,13.37,13.45,17567200,12.332451
"513",13.44,13.44,13.17,13.26,15928300,12.158238
"514",13.28,13.28,13.11,13.16,13701700,12.066546
"515",13.47,13.67,13.39,13.63,22030300,12.497495
"516",13.53,13.53,13.19,13.25,23668300,12.149069
"517",13.37,13.48,13.35,13.42,14244400,12.304944
"518",13.14,13.33,13.06,13.3,26282200,12.194914
"519",13.19,13.2,12.76,12.84,30560900,11.773135
"520",12.09,12.15,11.94,12,40353800,11.00293
"521",12.25,12.3,12.08,12.18,25003800,11.167974
"522",12.1,12.15,11.91,11.95,21947600,10.957085
"523",11.8,12.04,11.67,12.01,26128300,11.0121
"524",11.78,11.83,11.59,11.73,23213800,10.755364
"525",11.83,11.98,11.82,11.9,17943900,10.911239
"526",12.28,12.35,12.21,12.23,21074000,11.21382
"527",12.56,12.58,12.42,12.44,17816600,11.406371
"528",12.64,12.64,12.3,12.4,16383000,11.369694
"529",12.2,12.2,11.98,12.04,37275400,11.039607
"530",11.79,11.82,11.51,11.6,29912200,10.636166
"531",11.93,12.04,11.9,11.92,30155800,10.929578
"532",12.2,12.22,12.12,12.12,24756300,11.112959
"533",11.98,12.03,11.88,11.93,21709300,10.938746
"534",11.96,12,11.77,11.87,15698400,10.883732
"535",12.02,12.15,11.93,12.02,25402600,11.021269
"536",12.05,12.1,11.98,12.05,16228000,11.048776
"537",12.09,12.12,11.81,11.85,19394100,10.865394
"538",11.43,11.48,11.27,11.42,39728000,10.471123
"539",10.95,10.98,10.49,10.56,50569600,9.682579
"540",10.69,10.82,10.24,10.31,41068900,9.453352
"541",10.39,10.57,10.1,10.18,49291900,9.334153
"542",9.8,10.16,9.66,9.92,51569800,9.095756
"543",9.6,9.84,9.53,9.82,58968300,9.004065
"544",10.11,10.46,9.98,10.27,55830000,9.416675
"545",10.61,10.91,10.15,10.22,64799000,9.37083
"546",10.51,10.68,10.32,10.56,46153500,9.682579
"547",10.26,10.28,9.88,10.12,59129800,9.279138
"548",9.42,9.89,9.42,9.53,42161900,8.73816
"549",8.3,8.78,7.85,7.97,59785500,7.307779
"550",8.81,9.7,8.71,9.4,71490600,8.618961
"551",9.24,9.47,8.17,8.5,73917200,7.793743
"552",7.42,7.68,6.61,7.16,77801900,6.565082
"553",9.05,9.25,7.73,8.7,56593800,7.977124
"554",7.1,8.33,7.1,7.9,33107300,7.243596
"555",8.12,8.64,7.71,8.17,30640800,7.491161
"556",7.52,8.02,6.92,7.4,50289600,6.785141
"557",7.23,7.58,6.84,7.18,31102400,6.58342
"558",7.59,7.88,6.87,6.98,36080700,6.400038
"559",6.69,6.98,6.49,6.58,32474300,6.033273
"560",7.35,7.61,7.22,7.5,32700300,6.876832
"561",7.7,8.24,7.5,8.04,32929700,7.371963
"562",8.32,8.46,7.96,8.32,25869700,7.628698
"563",7.73,8.15,7.68,7.84,21021000,7.188581
"564",8.07,8.15,7.87,8.04,18079900,7.371963
"565",8.22,8.58,8.17,8.29,34289000,7.601191
"566",7.94,8.4,7.94,8.15,27309500,7.472823
"567",8.34,8.47,7.93,8.15,27479500,7.472823
"568",7.97,8.08,7.45,7.58,28712900,6.950184
"569",8.09,8.27,7.91,8.11,27421600,7.436147
"570",8.68,8.7,8.33,8.38,22663200,7.683713
"571",8.36,8.53,8.31,8.44,19323300,7.738727
"572",8.64,8.77,8.4,8.5,22372400,7.793743
"573",8.45,8.6,8.34,8.57,18465100,7.857926
"574",8.8,8.88,8.55,8.59,20187000,7.876265
"575",8.22,8.34,8.08,8.26,18345600,7.573684
"576",8.25,8.25,7.97,8.13,21048400,7.454485
"577",8.28,8.41,8.19,8.36,18665000,7.665375
"578",8.05,8.14,7.92,7.99,25888800,7.326118
"579",7.84,7.88,7.6,7.79,21564500,7.142735
"580",7.85,8.02,7.81,7.97,21909700,7.307779
"581",7.93,8.22,7.85,7.86,27748900,7.206919
"582",7.83,7.86,7.36,7.67,45475600,7.032706
"583",7.9,7.97,7.76,7.88,26284500,7.225258
"584",8.08,8.18,7.79,8.11,24653700,7.436147
"585",8.27,8.8,8.25,8.76,36265100,8.03214
"586",8.42,8.49,8.21,8.25,25434800,7.564515
"587",8,8.04,7.88,7.98,15991000,7.316948
"588",7.8,7.99,7.76,7.98,15604500,7.316948
"589",8.05,8.18,7.81,7.81,17398800,7.161074
"590",7.79,7.88,7.69,7.78,20273800,7.133566
"591",7.9,8.1,7.88,7.93,22828200,7.271103
"592",8.15,8.56,8.15,8.52,27540800,7.812081
"593",8.4,8.5,8.21,8.23,23699300,7.546176
"594",8.4,8.45,8.09,8.1,20347500,7.426978
"595",8.33,8.34,8.02,8.18,27974900,7.500331
"596",7.94,8.27,7.86,8.24,30912200,7.555345
"597",8.37,8.52,8.23,8.27,30860000,7.582853
"598",8.94,9.03,8.8,9.01,35793000,8.261367
"599",9.03,9.19,8.94,9.07,32715500,8.316381
"600",9.35,9.45,9.18,9.27,23435300,8.499763
"601",9.27,9.39,9.05,9.13,34691000,8.371396
"602",9.02,9.15,8.89,8.98,23412900,8.233859
"603",9.36,9.36,9.04,9.11,31909200,8.353058
"604",9.32,9.59,9.2,9.57,28978600,8.774837
"605",9.65,9.66,9.28,9.31,24760200,8.53644
"606",9.49,9.8,9.39,9.76,37186400,8.94905
"607",9.84,9.98,9.81,9.84,26790500,9.022404
"608",10.05,10.26,10.02,10.26,29054600,9.407505
"609",10.62,10.74,10.47,10.57,35975700,9.691748
"610",10.52,10.88,10.44,10.84,41536200,9.939314
"611",11.22,11.33,10.9,11.04,46686600,10.122696
"612",11.15,11.3,10.95,11.27,31123800,10.333586
"613",11.01,11.26,10.97,11.22,19166500,10.28774
"614",11.27,11.28,10.94,11.02,30075000,10.104359
"615",10.52,10.62,10.18,10.25,30162500,9.398336
"616",10.57,10.7,10.27,10.63,31964800,9.746762
"617",10.1,10.61,10.07,10.61,33837300,9.728423
"618",10.82,10.87,10.42,10.66,43970200,9.774269
"619",10.6,10.78,10.52,10.74,34889800,9.847623
"620",10.48,10.58,10.43,10.55,34436100,9.67341
"621",10.51,10.58,10.28,10.31,43773700,9.453352
"622",10.44,10.64,10.38,10.46,17825600,9.590888
"623",10.8,10.98,10.72,10.8,24413500,9.902637
"624",10.71,10.72,10.32,10.4,18254600,9.535872
"625",10.45,10.56,10.27,10.56,32098700,9.682579
"626",10.35,10.48,10.12,10.19,18614800,9.343321
"627",10.28,10.33,10.1,10.21,14625700,9.36166
"628",10.13,10.41,10.06,10.31,21777400,9.453352
"629",10.37,10.45,10.11,10.28,22874200,9.425843
"630",10.41,10.61,10.36,10.41,17517400,9.545042
"631",10.59,10.74,10.54,10.6,22903600,9.719255
"632",10.66,10.72,10.47,10.47,15840200,9.600057
"633",10.76,10.85,10.61,10.76,22815900,9.865961
"634",10.88,10.91,10.52,10.63,19137300,9.746762
"635",10.57,10.82,10.53,10.79,23732700,9.893468
"636",10.94,11.11,10.75,10.78,25884400,9.884298
"637",10.79,11.64,10.73,11.6,48474200,10.636166
"638",11.74,11.78,11.32,11.54,23632600,10.581151
"639",11.46,11.49,11.27,11.28,27862000,10.342754
"640",11.43,11.45,11.31,11.31,25853400,10.370262
"641",11.32,11.5,11.3,11.44,20665900,10.48946
"642",11.44,11.58,11.35,11.46,27836500,10.507798
"643",11.72,11.72,11.51,11.58,28233600,10.617827
"644",11.59,11.66,11.29,11.29,27353300,10.351923
"645",11.22,11.34,11.09,11.26,36014200,10.324416
"646",11.46,11.94,11.35,11.91,42063100,10.920407
"647",11.66,11.79,11.59,11.74,20529100,10.764533
"648",11.91,12.15,11.89,12.09,24691900,11.085452
"649",11.93,12.07,11.68,11.85,29433700,10.865394
"650",11.79,11.8,11.59,11.64,18876900,10.672843
"651",11.8,11.82,11.33,11.42,28077800,10.471123
"652",11.18,11.5,11.12,11.49,75671000,10.535306
"653",11.76,11.95,11.71,11.76,26444700,10.782872
"654",11.64,11.77,11.5,11.53,26619900,10.571981
"655",11.31,11.32,11.06,11.16,42556500,10.232725
"656",11.4,11.52,11.18,11.36,42324800,10.416107
"657",11.5,11.56,11.14,11.17,30996700,10.241895
"658",11.26,11.42,11.15,11.31,26197700,10.370262
"659",11.47,11.49,11.22,11.28,17539900,10.342754
"660",11.32,11.36,11.21,11.33,17319600,10.3886
"661",11.38,11.53,11.23,11.36,28306900,10.416107
"662",11.61,11.77,11.5,11.6,26357700,10.636166
"663",11.62,11.68,11.28,11.32,20971900,10.37943
"664",11.03,11.39,11.02,11.38,24466300,10.434445
"665",11.15,11.24,11,11.08,22804600,10.159372
"666",11.25,11.31,11.17,11.3,20285500,10.361094
"667",11.19,11.24,11.02,11.22,23660100,10.28774
"668",11.23,11.31,10.93,11.05,26074600,10.131866
"669",11.16,11.19,10.8,10.93,16175300,10.021836
"670",11.11,11.38,11.08,11.3,16052000,10.361094
"671",11.25,11.26,10.98,11,18476000,10.08602
"672",11.24,11.59,11.21,11.5,20222200,10.544475
"673",11.55,11.55,11.28,11.43,25120500,10.480291
"674",11.27,11.47,11.1,11.24,27030500,10.306078
"675",11.33,11.44,11.08,11.38,20092400,10.434445
"676",11.03,11.21,10.94,11.04,25425900,10.122696
"677",11.36,11.41,11.22,11.32,25713500,10.37943
"678",11.33,11.41,11.01,11.08,21228700,10.159372
"679",11.49,11.73,11.44,11.67,45763700,10.70035
"680",11.87,11.87,11.6,11.75,32208500,10.773703
"681",11.92,12.08,11.77,11.84,44035400,10.856224
"682",11.77,11.82,11.54,11.59,21364400,10.626997
"683",11.4,11.94,11.39,11.88,34170400,10.8929
"684",11.8,11.97,11.51,11.51,46196400,10.553644
"685",11.26,11.31,10.87,11.13,41534200,10.205217
"686",10.78,10.79,10.49,10.64,29599100,10.173665
"687",10.39,10.73,10.39,10.65,84017800,10.183226
"688",10.65,10.86,10.55,10.7,73935000,10.231034
"689",10.49,10.76,10.49,10.74,45987900,10.269281
"690",10.88,10.92,10.45,10.49,37726900,10.030238
"691",10.47,10.72,10.4,10.41,28434600,9.953745
"692",10.56,10.73,10.47,10.58,27303800,10.116294
"693",10.58,10.62,10.29,10.41,21543500,9.953745
"694",10.33,10.54,10.31,10.39,24827800,9.934622
"695",10.57,10.79,10.53,10.75,23405500,10.278843
"696",10.87,10.93,10.43,10.5,25228400,10.039801
"697",10.68,10.88,10.58,10.75,30304400,10.278843
"698",10.75,11.06,10.71,11.05,28357800,10.565695
"699",11.16,11.21,11.05,11.19,26233200,10.699558
"700",11.27,11.3,11.18,11.22,14906300,10.728244
"701",11.01,11.29,10.97,11.21,22460500,10.718682
"702",11.22,11.36,11.21,11.34,28812000,10.842984
"703",11.13,11.28,11.07,11.18,16506000,10.689997
"704",11.22,11.24,11.09,11.09,11870300,10.603942
"705",11.17,11.33,11.11,11.13,16480400,10.642188
"706",11.09,11.26,11.04,11.09,17613900,10.603942
"707",11.1,11.34,11.06,11.26,21332900,10.766491
"708",11.25,11.45,11.21,11.3,20007200,10.804738
"709",11.28,11.43,11.13,11.31,29461400,10.8143
"710",11.26,11.3,11.04,11.14,18734800,10.651751
"711",11.09,11.17,11.03,11.04,25867000,10.556133
"712",10.82,10.87,10.48,10.53,26833700,10.068485
"713",10.47,10.88,10.39,10.77,32565000,10.297967
"714",10.7,10.81,10.45,10.57,33879000,10.106732
"715",10.72,10.78,10.64,10.72,10000400,10.250158
"716",10.93,11.03,10.85,10.99,27845500,10.508324
"717",10.97,11.08,10.79,10.84,25124600,10.364899
"718",11.1,11.41,11.08,11.33,24749700,10.833423
"719",11.5,11.83,11.48,11.77,25898600,11.254138
"720",12.21,12.24,11.73,11.8,41421800,11.282824
"721",11.74,11.94,11.63,11.73,40528800,11.215891
"722",11.8,11.87,11.71,11.84,27244400,11.32107
"723",11.72,11.75,11.43,11.49,18307900,10.98641
"724",11.51,11.68,11.41,11.68,34190900,11.168083
"725",11.73,12.07,11.67,12.06,74107400,11.531428
"726",12.18,12.83,12.14,12.56,53277200,12.009514
"727",12.63,12.68,12.37,12.4,24819700,11.856525
"728",12.55,12.79,12.52,12.76,31339700,12.200747
"729",12.72,12.77,12.6,12.68,17653700,12.124254
"730",13,13.19,12.88,13.19,49044900,12.611901
"731",13.28,14.04,13.26,14.01,65536300,13.395963
"732",14.02,14.33,13.96,14.3,57687200,13.673252
"733",14.5,14.76,14.46,14.73,33007800,14.084405
"734",14.79,14.81,14.4,14.56,42430500,13.921857
"735",15.24,15.68,15.17,15.64,52575100,14.954522
"736",15.04,15.6,14.84,15.33,50382300,14.658109
"737",15.51,15.73,15.27,15.34,35956800,14.66767
"738",15.76,16.16,15.72,16.049999,44203800,15.346551
"739",16.18,16.290001,16.110001,16.280001,42044100,15.566472
"740",16.129999,16.450001,16.1,16.190001,28022200,15.480416
"741",16.290001,16.32,15.94,16.09,29604200,15.384799
"742",16.440001,17.049999,16.4,17,42094300,16.254915
"743",16.76,16.92,16.700001,16.860001,31929200,16.121052
"744",16.75,16.799999,16.33,16.459999,30601700,15.738582
"745",16.75,16.77,16.559999,16.67,16439100,15.939378
"746",16.68,16.969999,16.5,16.940001,16764200,16.197544
"747",17.24,17.440001,17.17,17.23,29416300,16.474834
"748",17.280001,17.459999,17.219999,17.370001,25577300,16.6087
"749",16.73,17.129999,16.700001,17,25899100,16.254915
"750",16.77,16.860001,16.6,16.799999,19819500,16.063679
"751",16.860001,16.959999,16.76,16.83,15523200,16.092365
"752",16.9,16.92,16.74,16.889999,9039900,16.149734
"753",16.9,16.940001,16.620001,16.73,18639400,15.996748
"754",16.92,17,16.639999,16.84,21124200,16.101927
"755",16.709999,16.969999,16.68,16.950001,19434900,16.207108
"756",16.950001,16.969999,16.75,16.76,8228600,16.025434
"757",17.5,17.700001,17.200001,17.4,44854800,16.637383
"758",17.15,17.700001,17.09,17.690001,38460700,16.914673
"759",17.82,18.35,17.690001,18.16,38234200,17.364073
"760",18.389999,19,18.280001,18.93,71389700,18.100327
"761",18.879999,18.940001,18.51,18.92,42156400,18.090763
"762",18.370001,18.66,18.290001,18.610001,36916800,17.794352
"763",18.469999,18.82,18.42,18.709999,25180300,17.889967
"764",18.450001,18.5,18.02,18.15,21136400,17.354511
"765",18.5,18.940001,18.41,18.940001,25737600,18.109888
"766",18.280001,18.290001,17.610001,17.639999,33742200,16.866863
"767",17.639999,17.700001,17.290001,17.610001,29263400,16.838181
"768",17.799999,17.82,17.18,17.450001,21869500,16.685192
"769",17.73,17.75,17.309999,17.469999,33202800,16.704315
"770",16.92,17.23,16.809999,17.209999,23447600,16.455709
"771",17.200001,17.200001,16.700001,16.950001,16259900,16.207108
"772",17.360001,17.5,17.110001,17.17,24582600,16.417463
"773",16.719999,16.9,16.379999,16.51,29628800,15.786391
"774",16.52,16.879999,16.23,16.75,27265100,16.015871
"775",16.360001,16.51,16.09,16.15,22826400,15.442168
"776",16.469999,16.9,16.200001,16.74,25607800,16.00631
"777",16.74,16.76,16.33,16.379999,31693300,15.662087
"778",16.709999,17.309999,16.66,16.889999,38262100,16.149734
"779",16.85,16.9,16.43,16.5,31559000,15.776829
"780",16.73,17.32,16.719999,17.26,23718600,16.503519
"781",17.35,17.870001,17.34,17.65,37457800,16.876427
"782",17.23,17.65,17.07,17.639999,25655600,16.866863
"783",17.690001,17.799999,17.5,17.65,27846100,16.876427
"784",17.68,17.75,17.299999,17.370001,17275500,16.6087
"785",17.209999,17.610001,17.129999,17.5,10500800,16.733
"786",17.84,18.08,17.790001,18.030001,17515200,17.239773
"787",18,18.17,17.65,17.870001,29903400,17.086784
"788",18,18.1,17.68,17.98,23664300,17.191963
"789",18.08,18.469999,18.059999,18.219999,30013600,17.421444
"790",17.219999,18.08,17.09,17.530001,43032900,16.761686
"791",17.48,17.950001,17.040001,17.9,32639600,17.115469
"792",17.75,18.15,17.66,18.049999,20345600,17.258894
"793",18.110001,18.200001,17.23,17.4,31641600,16.637383
"794",17.620001,17.620001,16.84,16.9,30064700,16.159298
"795",17.360001,17.77,17.16,17.530001,34783500,16.761686
"796",17.27,18.09,17.24,17.950001,36881000,17.163279
"797",17.66,18.120001,17.389999,17.879999,42451000,17.096344
"798",18.049999,18.24,17.24,17.5,37424400,16.733
"799",17.120001,17.75,17.1,17.74,40994500,17.74
"800",17.559999,17.85,17.15,17.219999,47401300,17.219999
"801",16.799999,17.200001,16.389999,17.01,37627400,17.01
"802",16.879999,17.299999,16.719999,17.219999,45183100,17.219999
"803",17.67,18.139999,17.67,18.02,30339000,18.02
"804",17.639999,17.75,17.4,17.620001,26400700,17.620001
"805",17.27,17.299999,17.02,17.24,20839400,17.24
"806",17.52,17.559999,17.120001,17.190001,17837500,17.190001
"807",17.110001,17.639999,17.030001,17.559999,21525600,17.559999
"808",17.4,17.860001,17.200001,17.280001,21987200,17.280001
"809",17.209999,17.34,16.91,17.25,29946100,17.25
"810",16.799999,17.08,16.6,17.01,25653900,17.01
"811",17,17.1,16.530001,16.58,38210900,16.58
"812",16.84,17.09,16.610001,16.690001,26472000,16.690001
"813",16.52,16.57,16.049999,16.34,32105100,16.34
"814",16.74,16.83,16.280001,16.74,31425000,16.74
"815",16.790001,17.059999,16.73,16.959999,22626500,16.959999
"816",16.969999,17.02,16.74,17.02,20101100,17.02
"817",17.01,17.440001,17,17.379999,26083700,17.379999
"818",17.389999,17.51,16.93,17.120001,20811700,17.120001
"819",17.82,18.360001,17.790001,18.280001,38306900,18.280001
"820",18.32,18.6,18.27,18.309999,22398900,18.309999
"821",18.42,18.84,18.41,18.65,29545700,18.65
"822",18.84,18.98,18.629999,18.83,24584800,18.83
"823",18.530001,18.65,18.190001,18.219999,19611300,18.219999
"824",18.35,18.389999,18.049999,18.09,19816000,18.09
"825",18.08,18.35,17.959999,18.190001,16911500,18.190001
"826",18.200001,19.049999,18.200001,18.91,25259200,18.91
"827",19.35,19.4,19.110001,19.299999,25754300,19.299999
"828",19.209999,19.530001,19.01,19.530001,27685400,19.530001
"829",19.5,19.719999,19.4,19.43,27786100,19.43
"830",19.440001,19.440001,19.049999,19.16,25122800,19.16
"831",19.09,19.52,18.790001,19.42,20570500,19.42
"832",19.440001,19.51,19,19.450001,30103800,19.450001
"833",19.629999,19.73,19.459999,19.66,16821800,19.66
"834",20.02,20.139999,19.83,19.950001,24744500,19.950001
"835",20.08,20.360001,19.92,20.299999,29662700,20.299999
"836",20.290001,21,20.26,20.959999,32434900,20.959999
"837",21.030001,21.120001,20.67,21.059999,32035800,21.059999
"838",20.58,20.76,20.02,20.120001,36736500,20.120001
"839",20.18,20.35,20.059999,20.09,22234200,20.09
"840",20,20.540001,19.969999,20.379999,28749600,20.379999
"841",20.870001,21,20.629999,20.73,17813500,20.73
"842",21.129999,21.9,21,21.85,40997500,21.85
"843",22.030001,22.200001,21.809999,22.08,34091700,22.08
"844",22.969999,23.02,22.01,22.049999,42773100,22.049999
"845",21.93,22.76,21.809999,22.709999,42737300,22.709999
"846",22.4,22.59,21.559999,21.67,34745800,21.67
"847",21.17,21.75,21.01,21.27,38785400,21.27
"848",21.09,21.280001,20.799999,21.030001,29948400,21.030001
"849",21.02,21.67,21.01,21.59,37285900,21.59
"850",21.76,22.040001,21.620001,21.9,40717500,21.9
"851",21.209999,21.4,20.780001,21.110001,48593500,21.110001
"852",21.17,21.209999,20.85,21.07,29093400,21.07
"853",21,21.08,20.309999,20.450001,35357500,20.450001
"854",20.33,20.73,20.23,20.610001,24307000,20.610001
"855",20.879999,20.889999,20.049999,20.139999,39800700,20.139999
"856",20.02,20.82,20,20.700001,34008100,20.700001
"857",21.030001,21.290001,20.940001,21.139999,41706800,21.139999
"858",21.08,21.67,20.950001,21.52,39084900,21.52
"859",22.75,22.799999,22.059999,22.200001,41507500,22.200001
